network,size,searchtype,method,pcore,intercategorical,d,solution,gof,partition
befig1,10,exhaustive,nordlund,com,dnc,,1,1,(0;0;0;0;1;1;1;1;1;1)
befig1,10,exhaustive,nordlund,com,denuci,0.3333,1,0.6686,(0;0;0;0;1;1;1;1;1;1)
befig1,10,exhaustive,nordlund,com,denuci,0.2833,1,0.6664,(0;0;0;0;1;1;1;1;1;1)
befig1,10,exhaustive,nordlund,com,denuci,0.3833,1,0.6665,(0;0;0;0;1;1;1;1;1;1)
befig1,10,exhaustive,nordlund,com,denuci,0,1,0.5837,(0;0;0;0;1;1;1;1;1;1)
befig1,10,exhaustive,nordlund,com,denuci,0.05,1,0.6046,(0;0;0;0;1;1;1;1;1;1)
befig1,10,exhaustive,nordlund,com,denuci,0.1,1,0.6237,(0;0;0;0;1;1;1;1;1;1)
befig1,10,exhaustive,nordlund,com,denuci,0.15,1,0.6401,(0;0;0;0;1;1;1;1;1;1)
befig1,10,exhaustive,nordlund,com,denuci,0.2,1,0.6533,(0;0;0;0;1;1;1;1;1;1)
befig1,10,exhaustive,nordlund,com,denuci,0.25,1,0.6625,(0;0;0;0;1;1;1;1;1;1)
befig1,10,exhaustive,nordlund,com,denuci,0.3,1,0.6676,(0;0;0;0;1;1;1;1;1;1)
befig1,10,exhaustive,nordlund,com,denuci,0.35,1,0.6683,(0;0;0;0;1;1;1;1;1;1)
befig1,10,exhaustive,nordlund,com,denuci,0.4,1,0.6648,(0;0;0;0;1;1;1;1;1;1)
befig1,10,exhaustive,nordlund,com,denuci,0.45,1,0.6574,(0;0;0;0;1;1;1;1;1;1)
befig1,10,exhaustive,nordlund,com,denuci,0.5,1,0.6467,(0;0;0;0;1;1;1;1;1;1)
befig1,10,exhaustive,nordlund,com,denuci,0.55,1,0.6332,(0;0;0;0;1;1;1;1;1;1)
befig1,10,exhaustive,nordlund,com,denuci,0.6,1,0.6175,(0;0;0;0;1;1;1;1;1;1)
befig1,10,exhaustive,nordlund,com,denuci,0.65,1,0.6004,(0;0;0;0;1;1;1;1;1;1)
befig1,10,exhaustive,nordlund,com,denuci,0.7,1,0.5824,(0;0;0;0;1;1;1;1;1;1)
befig1,10,exhaustive,nordlund,com,denuci,0.75,1,0.568,(1;0;0;0;1;1;1;1;1;1)
befig1,10,exhaustive,nordlund,com,denuci,0.8,1,0.5606,(1;0;0;0;1;1;1;1;1;1)
befig1,10,exhaustive,nordlund,com,denuci,0.85,1,0.5533,(1;0;0;0;1;1;1;1;1;1)
befig1,10,exhaustive,nordlund,com,denuci,0.9,1,0.5461,(1;0;0;0;1;1;1;1;1;1)
befig1,10,exhaustive,nordlund,com,denuci,0.95,1,0.5391,(1;0;0;0;1;1;1;1;1;1)
befig1,10,exhaustive,nordlund,com,denuci,1,1,0.5324,(1;0;0;0;1;1;1;1;1;1)
befig1,10,exhaustive,nordlund,com,den,0.3333,1,1,(0;0;0;0;1;1;1;1;1;1)
befig1,10,exhaustive,nordlund,com,den,0.2833,1,0.9484,(0;0;0;0;1;1;1;1;1;1)
befig1,10,exhaustive,nordlund,com,den,0.3833,1,0.9504,(0;0;0;0;1;1;1;1;1;1)
befig1,10,exhaustive,nordlund,com,den,0,1,0.5837,(0;0;0;0;1;1;1;1;1;1)
befig1,10,exhaustive,nordlund,com,den,0.05,1,0.6387,(0;0;0;0;1;1;1;1;1;1)
befig1,10,exhaustive,nordlund,com,den,0.1,1,0.6919,(0;0;0;0;1;1;1;1;1;1)
befig1,10,exhaustive,nordlund,com,den,0.15,1,0.7954,(0;0;0;0;1;1;1;1;1;1)
befig1,10,exhaustive,nordlund,com,den,0.2,1,0.8486,(0;0;0;0;1;1;1;0;1;1)
befig1,10,exhaustive,nordlund,com,den,0.2,2,0.8486,(0;0;0;0;0;1;1;1;1;1)
befig1,10,exhaustive,nordlund,com,den,0.25,1,0.9047,(0;0;0;0;1;1;1;0;1;1)
befig1,10,exhaustive,nordlund,com,den,0.25,2,0.9047,(0;0;0;0;0;1;1;1;1;1)
befig1,10,exhaustive,nordlund,com,den,0.3,1,0.9484,(0;0;0;0;1;1;1;1;1;1)
befig1,10,exhaustive,nordlund,com,den,0.35,1,1,(0;0;0;0;1;1;1;1;1;1)
befig1,10,exhaustive,nordlund,com,den,0.4,1,0.9047,(1;0;0;0;0;1;1;1;1;1)
befig1,10,exhaustive,nordlund,com,den,0.4,2,0.9047,(0;0;0;0;1;1;1;1;1;1)
befig1,10,exhaustive,nordlund,com,den,0.45,1,0.8973,(1;0;0;0;1;1;1;1;1;1)
befig1,10,exhaustive,nordlund,com,den,0.45,2,0.8973,(0;0;1;0;1;1;1;1;1;1)
befig1,10,exhaustive,nordlund,com,den,0.45,3,0.8973,(0;0;0;1;1;1;1;1;1;1)
befig1,10,exhaustive,nordlund,com,den,0.5,1,0.9484,(1;0;0;0;1;1;1;1;1;1)
befig1,10,exhaustive,nordlund,com,den,0.55,1,0.8486,(1;0;0;0;1;1;1;1;1;1)
befig1,10,exhaustive,nordlund,com,den,0.6,1,0.8045,(1;0;0;0;1;1;1;1;1;1)
befig1,10,exhaustive,nordlund,com,den,0.65,1,0.7635,(1;0;0;0;1;1;1;1;1;1)
befig1,10,exhaustive,nordlund,com,den,0.7,1,0.7251,(1;0;0;0;1;1;1;1;1;1)
befig1,10,exhaustive,nordlund,com,den,0.75,1,0.6889,(1;0;0;0;1;1;1;1;1;1)
befig1,10,exhaustive,nordlund,com,den,0.8,1,0.6547,(1;0;0;0;1;1;1;1;1;1)
befig1,10,exhaustive,nordlund,com,den,0.85,1,0.6222,(1;0;0;0;1;1;1;1;1;1)
befig1,10,exhaustive,nordlund,com,den,0.9,1,0.5911,(1;0;0;0;1;1;1;1;1;1)
befig1,10,exhaustive,nordlund,com,den,0.95,1,0.5612,(1;0;0;0;1;1;1;1;1;1)
befig1,10,exhaustive,nordlund,com,den,1,1,0.5324,(1;0;0;0;1;1;1;1;1;1)
befig1,10,exhaustive,nordlund,com,denmin,0,1,1,(0;0;0;0;1;1;1;1;1;1)
befig1,10,exhaustive,nordlund,com,denmin,0.05,1,1,(0;0;0;0;1;1;1;1;1;1)
befig1,10,exhaustive,nordlund,com,denmin,0.1,1,1,(0;0;0;0;1;1;1;1;1;1)
befig1,10,exhaustive,nordlund,com,denmin,0.15,1,1,(0;0;0;0;1;1;1;1;1;1)
befig1,10,exhaustive,nordlund,com,denmin,0.2,1,1,(0;0;0;0;1;1;1;1;1;1)
befig1,10,exhaustive,nordlund,com,denmin,0.25,1,1,(0;0;0;0;1;1;1;1;1;1)
befig1,10,exhaustive,nordlund,com,denmin,0.3,1,1,(0;0;0;0;1;1;1;1;1;1)
befig1,10,exhaustive,nordlund,com,denmin,0.35,1,1,(0;0;0;0;1;1;1;1;1;1)
befig1,10,exhaustive,nordlund,com,denmin,0.4,1,0.9484,(1;0;0;0;1;1;1;1;1;1)
befig1,10,exhaustive,nordlund,com,denmin,0.45,1,0.9484,(1;0;0;0;1;1;1;1;1;1)
befig1,10,exhaustive,nordlund,com,denmin,0.5,1,0.9484,(1;0;0;0;1;1;1;1;1;1)
befig1,10,exhaustive,nordlund,com,denmin,0.55,1,0.8486,(1;0;0;0;1;1;1;1;1;1)
befig1,10,exhaustive,nordlund,com,denmin,0.6,1,0.8045,(1;0;0;0;1;1;1;1;1;1)
befig1,10,exhaustive,nordlund,com,denmin,0.65,1,0.7635,(1;0;0;0;1;1;1;1;1;1)
befig1,10,exhaustive,nordlund,com,denmin,0.7,1,0.7251,(1;0;0;0;1;1;1;1;1;1)
befig1,10,exhaustive,nordlund,com,denmin,0.75,1,0.6889,(1;0;0;0;1;1;1;1;1;1)
befig1,10,exhaustive,nordlund,com,denmin,0.8,1,0.6547,(1;0;0;0;1;1;1;1;1;1)
befig1,10,exhaustive,nordlund,com,denmin,0.85,1,0.6222,(1;0;0;0;1;1;1;1;1;1)
befig1,10,exhaustive,nordlund,com,denmin,0.9,1,0.5911,(1;0;0;0;1;1;1;1;1;1)
befig1,10,exhaustive,nordlund,com,denmin,0.95,1,0.5612,(1;0;0;0;1;1;1;1;1;1)
befig1,10,exhaustive,nordlund,com,denmin,1,1,0.5324,(1;0;0;0;1;1;1;1;1;1)
befig1,10,exhaustive,nordlund,0.9,dnc,,1,1,(0;0;0;0;1;1;1;1;1;1)
befig1,10,exhaustive,nordlund,0.8,dnc,,1,1,(0;0;0;0;1;1;1;1;1;1)
befig1,10,exhaustive,nordlund,0.7,dnc,,1,1,(0;0;0;0;1;1;1;1;1;1)
befig1,10,exhaustive,nordlund,0.6,dnc,,1,1,(0;0;0;0;1;1;1;1;1;1)
befig1,10,exhaustive,nordlund,0.5,dnc,,1,1,(0;0;0;0;1;1;1;0;1;1)
befig1,10,exhaustive,nordlund,0.5,dnc,,2,1,(0;0;0;0;0;1;1;1;1;1)
befig1,10,exhaustive,nordlund,0.5,dnc,,3,1,(0;0;0;0;1;1;1;1;1;1)
befig1,10,exhaustive,nordlund,0.4,dnc,,1,1,(0;0;0;0;0;1;1;0;1;1)
befig1,10,exhaustive,nordlund,0.4,dnc,,2,1,(0;0;0;0;1;1;1;0;1;1)
befig1,10,exhaustive,nordlund,0.4,dnc,,3,1,(0;0;0;0;0;1;1;1;1;1)
befig1,10,exhaustive,nordlund,0.4,dnc,,4,1,(0;0;0;0;1;1;1;1;1;1)
befig1,10,exhaustive,nordlund,0.9,denmin,0,1,1,(0;0;0;0;1;1;1;1;1;1)
befig1,10,exhaustive,nordlund,0.8,denmin,0,1,1,(0;0;0;0;1;1;1;1;1;1)
befig1,10,exhaustive,nordlund,0.7,denmin,0,1,1,(0;0;0;0;1;1;1;1;1;1)
befig1,10,exhaustive,nordlund,0.6,denmin,0,1,1,(0;0;0;0;1;1;1;1;1;1)
befig1,10,exhaustive,nordlund,0.5,denmin,0,1,1,(0;0;0;0;1;1;1;0;1;1)
befig1,10,exhaustive,nordlund,0.5,denmin,0,2,1,(0;0;0;0;0;1;1;1;1;1)
befig1,10,exhaustive,nordlund,0.5,denmin,0,3,1,(0;0;0;0;1;1;1;1;1;1)
befig1,10,exhaustive,nordlund,0.4,denmin,0,1,1,(0;0;0;0;0;1;1;0;1;1)
befig1,10,exhaustive,nordlund,0.4,denmin,0,2,1,(0;0;0;0;1;1;1;0;1;1)
befig1,10,exhaustive,nordlund,0.4,denmin,0,3,1,(0;0;0;0;0;1;1;1;1;1)
befig1,10,exhaustive,nordlund,0.4,denmin,0,4,1,(0;0;0;0;1;1;1;1;1;1)
baker,20,exhaustive,nordlund,com,dnc,,1,0.8596,(0;0;0;0;0;0;0;1;1;1;1;1;1;1;1;1;1;1;1;1)
baker,20,exhaustive,nordlund,com,denuci,0.3846,1,0.5947,(0;0;0;0;0;0;0;1;1;1;1;1;1;1;1;1;1;1;1;1)
baker,20,exhaustive,nordlund,com,denuci,0.3346,1,0.5939,(0;0;0;0;0;0;0;1;1;1;1;1;1;1;1;1;1;1;1;1)
baker,20,exhaustive,nordlund,com,denuci,0.4346,1,0.5919,(0;0;0;0;0;0;0;1;1;1;1;1;1;1;1;1;1;1;1;1)
baker,20,exhaustive,nordlund,com,denuci,0,1,0.5358,(0;0;0;0;0;0;0;0;1;1;1;0;1;0;1;1;1;1;1;1)
baker,20,exhaustive,nordlund,com,denuci,0.05,1,0.5431,(0;0;0;0;0;0;0;0;1;1;1;0;1;0;1;1;1;1;1;1)
baker,20,exhaustive,nordlund,com,denuci,0.1,1,0.5551,(0;0;0;0;0;0;0;1;1;1;1;0;1;1;1;1;1;1;1;1)
baker,20,exhaustive,nordlund,com,denuci,0.15,1,0.5681,(0;0;0;0;0;0;0;1;1;1;1;0;1;1;1;1;1;1;1;1)
baker,20,exhaustive,nordlund,com,denuci,0.2,1,0.5783,(0;0;0;0;0;0;0;1;1;1;1;0;1;1;1;1;1;1;1;1)
baker,20,exhaustive,nordlund,com,denuci,0.25,1,0.5855,(0;0;0;0;0;0;0;1;1;1;1;0;1;1;1;1;1;1;1;1)
baker,20,exhaustive,nordlund,com,denuci,0.3,1,0.591,(0;0;0;0;0;0;0;1;1;1;1;1;1;1;1;1;1;1;1;1)
baker,20,exhaustive,nordlund,com,denuci,0.35,1,0.5945,(0;0;0;0;0;0;0;1;1;1;1;1;1;1;1;1;1;1;1;1)
baker,20,exhaustive,nordlund,com,denuci,0.4,1,0.5942,(0;0;0;0;0;0;0;1;1;1;1;1;1;1;1;1;1;1;1;1)
baker,20,exhaustive,nordlund,com,denuci,0.45,1,0.5904,(0;0;0;0;0;0;0;1;1;1;1;1;1;1;1;1;1;1;1;1)
baker,20,exhaustive,nordlund,com,denuci,0.5,1,0.5879,(0;0;0;0;0;1;0;1;1;1;1;1;1;1;1;1;1;1;1;1)
baker,20,exhaustive,nordlund,com,denuci,0.55,1,0.5857,(0;0;0;0;0;1;0;1;1;1;1;1;1;1;1;1;1;1;1;1)
baker,20,exhaustive,nordlund,com,denuci,0.6,1,0.5818,(0;0;0;0;0;1;0;1;1;1;1;1;1;1;1;1;1;1;1;1)
baker,20,exhaustive,nordlund,com,denuci,0.65,1,0.5767,(0;0;0;0;0;1;0;1;1;1;1;1;1;1;1;1;1;1;1;1)
baker,20,exhaustive,nordlund,com,denuci,0.7,1,0.5706, (0;0;0;0;0;1;0;1;1;1;1;1;1;1;1;1;1;1;1;1)
baker,20,exhaustive,nordlund,com,denuci,0.75,1,0.564,(0;0;0;0;0;1;0;1;1;1;1;1;1;1;1;1;1;1;1;1)
baker,20,exhaustive,nordlund,com,denuci,0.8,1,0.5572,(0;0;0;0;0;1;0;1;1;1;1;1;1;1;1;1;1;1;1;1)
baker,20,exhaustive,nordlund,com,denuci,0.85,1,0.5508,(1;0;0;0;0;1;0;1;1;1;1;1;1;1;1;1;1;1;1;1)
baker,20,exhaustive,nordlund,com,denuci,0.9,1,0.5472,(1;0;0;0;0;1;0;1;1;1;1;1;1;1;1;1;1;1;1;1)
baker,20,exhaustive,nordlund,com,denuci,0.95,1,0.5436,(1;0;0;0;0;1;0;1;1;1;1;1;1;1;1;1;1;1;1;1)
baker,20,exhaustive,nordlund,com,denuci,1,1,0.54,(1;0;0;0;0;1;0;1;1;1;1;1;1;1;1;1;1;1;1;1)
baker,20,exhaustive,nordlund,com,den,0.3846,1,0.9383,(0;0;0;0;0;0;0;1;1;1;1;1;1;1;1;1;1;1;1;1)
baker,20,exhaustive,nordlund,com,den,0.3346,1,0.9144,(0;0;0;0;0;0;0;1;1;1;1;1;1;1;1;1;1;0;1;1)
baker,20,exhaustive,nordlund,com,den,0.4346,1,0.9028,(0;0;0;0;0;1;0;1;1;1;1;1;1;0;1;1;1;1;1;1)
baker,20,exhaustive,nordlund,com,den,0.4346,2,0.9028,(0;0;0;0;0;1;0;1;1;1;1;0;1;1;1;1;1;1;1;1)
baker,20,exhaustive,nordlund,com,den,0,1,0.5358,(0;0;0;0;0;0;0;0;1;1;1;0;1;0;1;1;1;1;1;1)
baker,20,exhaustive,nordlund,com,den,0.05,1,0.6064,(0;0;0;0;0;0;0;0;1;1;1;0;1;0;1;1;1;1;1;1)
baker,20,exhaustive,nordlund,com,den,0.1,1,0.6752,(0;0;0;0;0;0;0;0;1;1;1;0;1;0;1;1;1;1;1;1)
baker,20,exhaustive,nordlund,com,den,0.15,1,0.7431,(0;0;0;0;0;0;0;0;1;1;1;0;1;0;1;1;1;1;1;1)
baker,20,exhaustive,nordlund,com,den,0.2,1,0.8108,(0;0;0;0;0;0;0;0;1;1;1;0;1;0;1;1;1;1;1;1)
baker,20,exhaustive,nordlund,com,den,0.25,1,0.8551,(0;0;0;0;0;0;0;1;1;1;1;0;1;0;1;1;1;0;1;1)
baker,20,exhaustive,nordlund,com,den,0.25,2,0.8551,(0;0;0;0;0;0;0;0;1;1;1;0;1;1;1;1;1;0;1;1)
baker,20,exhaustive,nordlund,com,den,0.3,1,0.901,(0;0;0;0;0;0;0;1;1;1;1;0;1;1;1;1;1;1;1;1)
baker,20,exhaustive,nordlund,com,den,0.35,1,0.9158,(0;0;0;0;0;0;0;1;1;1;1;1;1;0;1;1;1;1;1;1)
baker,20,exhaustive,nordlund,com,den,0.4,1,0.9258,(0;0;0;0;0;0;0;1;1;1;1;1;1;1;1;1;1;1;1;1)
baker,20,exhaustive,nordlund,com,den,0.45,1,0.9014,(1;0;0;0;0;0;0;1;1;1;1;1;1;1;1;1;1;1;1;1)
baker,20,exhaustive,nordlund,com,den,0.5,1,0.901,(0;0;0;0;0;1;0;1;1;1;1;1;1;1;1;1;1;1;1;1)
baker,20,exhaustive,nordlund,com,den,0.55,1,0.8769,(1;0;0;0;0;1;0;1;1;1;1;1;1;1;1;1;1;1;1;1)
baker,20,exhaustive,nordlund,com,den,0.6,1,0.8257,(1;0;0;0;0;1;0;1;1;1;1;1;1;1;1;1;1;1;1;1)
baker,20,exhaustive,nordlund,com,den,0.65,1,0.7788,(1;0;0;0;0;1;0;1;1;1;1;1;1;1;1;1;1;1;1;1)
baker,20,exhaustive,nordlund,com,den,0.7,1,0.7459,(1;0;0;0;0;1;0;1;1;1;1;1;1;1;1;1;1;1;1;1)
baker,20,exhaustive,nordlund,com,den,0.75,1,0.7049,(1;0;0;0;0;1;0;1;1;1;1;1;1;1;1;1;1;1;1;1)
baker,20,exhaustive,nordlund,com,den,0.8,1,0.6665,(1;0;0;0;0;1;0;1;1;1;1;1;1;1;1;1;1;1;1;1)
baker,20,exhaustive,nordlund,com,den,0.85,1,0.6303,(1;0;0;0;0;1;0;1;1;1;1;1;1;1;1;1;1;1;1;1)
baker,20,exhaustive,nordlund,com,den,0.9,1,0.5961,(1;0;0;0;0;1;0;1;1;1;1;1;1;1;1;1;1;1;1;1)
baker,20,exhaustive,nordlund,com,den,0.95,1,0.5715,(1;0;0;0;0;1;0;1;1;1;1;1;1;1;1;1;1;1;1;1)
baker,20,exhaustive,nordlund,com,den,1,1,0.54,(1;0;0;0;0;1;0;1;1;1;1;1;1;1;1;1;1;1;1;1)
baker,20,exhaustive,nordlund,com,denmin,0,1,0.9383,(0;0;0;0;0;0;0;1;1;1;1;1;1;1;1;1;1;1;1;1)
baker,20,exhaustive,nordlund,com,denmin,0.05,1,0.9383,(0;0;0;0;0;0;0;1;1;1;1;1;1;1;1;1;1;1;1;1)
baker,20,exhaustive,nordlund,com,denmin,0.1,1,0.9383,(0;0;0;0;0;0;0;1;1;1;1;1;1;1;1;1;1;1;1;1)
baker,20,exhaustive,nordlund,com,denmin,0.15,1,0.9383,(0;0;0;0;0;0;0;1;1;1;1;1;1;1;1;1;1;1;1;1)
baker,20,exhaustive,nordlund,com,denmin,0.2,1,0.9383,(0;0;0;0;0;0;0;1;1;1;1;1;1;1;1;1;1;1;1;1)
baker,20,exhaustive,nordlund,com,denmin,0.25,1,0.9383,(0;0;0;0;0;0;0;1;1;1;1;1;1;1;1;1;1;1;1;1)
baker,20,exhaustive,nordlund,com,denmin,0.3,1,0.9383,(0;0;0;0;0;0;0;1;1;1;1;1;1;1;1;1;1;1;1;1)
baker,20,exhaustive,nordlund,com,denmin,0.35,1,0.9383,(0;0;0;0;0;0;0;1;1;1;1;1;1;1;1;1;1;1;1;1)
baker,20,exhaustive,nordlund,com,denmin,0.4,1,0.9263,(0;0;0;0;0;1;0;1;1;1;1;1;1;1;1;1;1;0;1;1)
baker,20,exhaustive,nordlund,com,denmin,0.45,1,0.926,(0;0;0;0;0;1;0;1;1;1;1;1;1;1;1;1;1;1;1;1)
baker,20,exhaustive,nordlund,com,denmin,0.5,1,0.901,(0;0;0;0;0;1;0;1;1;1;1;1;1;1;1;1;1;1;1;1)
baker,20,exhaustive,nordlund,com,denmin,0.55,1,0.8769,(1;0;0;0;0;1;0;1;1;1;1;1;1;1;1;1;1;1;1;1)
baker,20,exhaustive,nordlund,com,denmin,0.6,1,0.8257,(1;0;0;0;0;1;0;1;1;1;1;1;1;1;1;1;1;1;1;1)
baker,20,exhaustive,nordlund,com,denmin,0.65,1,0.7788,(1;0;0;0;0;1;0;1;1;1;1;1;1;1;1;1;1;1;1;1)
baker,20,exhaustive,nordlund,com,denmin,0.7,1,0.7459,(1;0;0;0;0;1;0;1;1;1;1;1;1;1;1;1;1;1;1;1)
baker,20,exhaustive,nordlund,com,denmin,0.75,1,0.7049,(1;0;0;0;0;1;0;1;1;1;1;1;1;1;1;1;1;1;1;1)
baker,20,exhaustive,nordlund,com,denmin,0.8,1,0.6665,(1;0;0;0;0;1;0;1;1;1;1;1;1;1;1;1;1;1;1;1)
baker,20,exhaustive,nordlund,com,denmin,0.85,1,0.6303,(1;0;0;0;0;1;0;1;1;1;1;1;1;1;1;1;1;1;1;1)
baker,20,exhaustive,nordlund,com,denmin,0.9,1,0.5961,(1;0;0;0;0;1;0;1;1;1;1;1;1;1;1;1;1;1;1;1)
baker,20,exhaustive,nordlund,com,denmin,0.95,1,0.5715,(1;0;0;0;0;1;0;1;1;1;1;1;1;1;1;1;1;1;1;1)
baker,20,exhaustive,nordlund,com,denmin,1,1,0.54,(1;0;0;0;0;1;0;1;1;1;1;1;1;1;1;1;1;1;1;1)
baker,20,exhaustive,nordlund,0.9,dnc,,1,0.8596,(0;0;0;0;0;0;0;1;1;1;1;1;1;1;1;1;1;1;1;1)
baker,20,exhaustive,nordlund,0.8,dnc,,1,0.9065,(0;0;0;0;0;0;0;1;1;1;1;1;1;1;1;1;1;0;1;1)
baker,20,exhaustive,nordlund,0.7,dnc,,1,0.9378,(0;0;0;0;0;0;0;1;1;1;1;1;1;0;1;1;1;0;1;1)
baker,20,exhaustive,nordlund,0.6,dnc,,1,0.9737,(0;0;0;0;0;1;0;1;1;1;1;0;1;0;1;1;1;0;1;1)
baker,20,exhaustive,nordlund,0.5,dnc,,1,1,(0;0;0;0;0;1;0;1;1;1;1;0;1;0;1;1;1;0;1;1)
baker,20,exhaustive,nordlund,0.5,dnc,,2,1,(0;0;0;0;0;1;0;0;1;1;1;0;1;1;1;1;1;0;1;1)
baker,20,exhaustive,nordlund,0.4,dnc,,1,1,(0;0;0;0;0;1;0;0;1;1;1;0;1;0;1;1;1;0;0;1)
baker,20,exhaustive,nordlund,0.4,dnc,,2,1,(0;0;0;0;0;0;0;1;1;1;1;0;1;0;1;1;1;0;0;1)
baker,20,exhaustive,nordlund,0.4,dnc,,3,1,(0;0;0;0;0;1;0;1;1;1;1;0;1;0;1;1;1;0;0;1)
baker,20,exhaustive,nordlund,0.4,dnc,,4,1,(0;0;0;0;0;0;0;0;1;1;1;1;1;0;1;1;1;0;0;1)
baker,20,exhaustive,nordlund,0.4,dnc,,5,1,(0;0;0;0;0;0;0;0;1;1;1;0;1;1;1;1;1;0;0;1)
baker,20,exhaustive,nordlund,0.4,dnc,,6,1,(0;0;0;0;0;1;0;0;1;1;1;0;1;1;1;1;1;0;0;1)
baker,20,exhaustive,nordlund,0.4,dnc,,7,1,(0;0;0;0;0;0;0;0;1;1;1;0;1;0;1;1;1;0;1;1)
baker,20,exhaustive,nordlund,0.4,dnc,,8,1,(0;0;0;0;0;1;0;0;1;1;1;0;1;0;1;1;1;0;1;1)
baker,20,exhaustive,nordlund,0.4,dnc,,9,1,(0;0;0;0;0;0;0;1;1;1;1;0;1;0;1;1;1;0;1;1)
baker,20,exhaustive,nordlund,0.4,dnc,,10,1,(0;0;0;0;0;1;0;1;1;1;1;0;1;0;1;1;1;0;1;1)
baker,20,exhaustive,nordlund,0.4,dnc,,11,1,(0;0;0;0;0;0;0;0;1;1;1;1;1;0;1;1;1;0;1;1)
baker,20,exhaustive,nordlund,0.4,dnc,,12,1,(0;0;0;0;0;0;0;0;1;1;1;0;1;1;1;1;1;0;1;1)
baker,20,exhaustive,nordlund,0.4,dnc,,13,1,(0;0;0;0;0;1;0;0;1;1;1;0;1;1;1;1;1;0;1;1)
baker,20,exhaustive,nordlund,0.9,denmin,0,1,0.9383,(0;0;0;0;0;0;0;1;1;1;1;1;1;1;1;1;1;1;1;1)
baker,20,exhaustive,nordlund,0.8,denmin,0,1,0.9569,(0;0;0;0;0;0;0;1;1;1;1;1;1;1;1;1;1;0;1;1)
baker,20,exhaustive,nordlund,0.7,denmin,0,1,0.9701,(0;0;0;0;0;0;0;1;1;1;1;1;1;0;1;1;1;0;1;1)
baker,20,exhaustive,nordlund,0.6,denmin,0,1,0.9878,(0;0;0;0;0;1;0;1;1;1;1;0;1;0;1;1;1;0;1;1)
baker,20,exhaustive,nordlund,0.5,denmin,0,1,1,(0;0;0;0;0;1;0;1;1;1;1;0;1;0;1;1;1;0;1;1)
baker,20,exhaustive,nordlund,0.5,denmin,0,2,1,(0;0;0;0;0;1;0;0;1;1;1;0;1;1;1;1;1;0;1;1)
baker,20,exhaustive,nordlund,0.4,denmin,0,1,1,(0;0;0;0;0;1;0;0;1;1;1;0;1;0;1;1;1;0;0;1)
baker,20,exhaustive,nordlund,0.4,denmin,0,2,1,(0;0;0;0;0;0;0;1;1;1;1;0;1;0;1;1;1;0;0;1)
baker,20,exhaustive,nordlund,0.4,denmin,0,3,1,(0;0;0;0;0;1;0;1;1;1;1;0;1;0;1;1;1;0;0;1)
baker,20,exhaustive,nordlund,0.4,denmin,0,4,1,(0;0;0;0;0;0;0;0;1;1;1;1;1;0;1;1;1;0;0;1)
baker,20,exhaustive,nordlund,0.4,denmin,0,5,1,(0;0;0;0;0;0;0;0;1;1;1;0;1;1;1;1;1;0;0;1)
baker,20,exhaustive,nordlund,0.4,denmin,0,6,1,(0;0;0;0;0;1;0;0;1;1;1;0;1;1;1;1;1;0;0;1)
baker,20,exhaustive,nordlund,0.4,denmin,0,7,1,(0;0;0;0;0;0;0;0;1;1;1;0;1;0;1;1;1;0;1;1)
baker,20,exhaustive,nordlund,0.4,denmin,0,8,1,(0;0;0;0;0;1;0;0;1;1;1;0;1;0;1;1;1;0;1;1)
baker,20,exhaustive,nordlund,0.4,denmin,0,9,1,(0;0;0;0;0;0;0;1;1;1;1;0;1;0;1;1;1;0;1;1)
baker,20,exhaustive,nordlund,0.4,denmin,0,10,1,(0;0;0;0;0;1;0;1;1;1;1;0;1;0;1;1;1;0;1;1)
baker,20,exhaustive,nordlund,0.4,denmin,0,11,1,(0;0;0;0;0;0;0;0;1;1;1;1;1;0;1;1;1;0;1;1)
baker,20,exhaustive,nordlund,0.4,denmin,0,12,1,(0;0;0;0;0;0;0;0;1;1;1;0;1;1;1;1;1;0;1;1)
baker,20,exhaustive,nordlund,0.4,denmin,0,13,1,(0;0;0;0;0;1;0;0;1;1;1;0;1;1;1;1;1;0;1;1)
galtung,13,exhaustive,nordlund,com,dnc,,1,0.7947,(0;0;0;0;1;1;1;1;1;1;1;1;1)
galtung,13,exhaustive,nordlund,com,denuci,0,1,0.3873,(0;0;0;0;1;1;1;1;1;1;1;1;1)
galtung,13,exhaustive,nordlund,com,denuci,0.05,1,0.4153,(0;0;0;0;1;1;1;1;1;1;1;1;1)
galtung,13,exhaustive,nordlund,com,denuci,0.1,1,0.4406,(0;0;0;0;1;1;1;1;1;1;1;1;1)
galtung,13,exhaustive,nordlund,com,denuci,0.15,1,0.4622,(0;0;0;0;1;1;1;1;1;1;1;1;1)
galtung,13,exhaustive,nordlund,com,denuci,0.2,1,0.4794,(0;0;0;0;1;1;1;1;1;1;1;1;1)
galtung,13,exhaustive,nordlund,com,denuci,0.25,1,0.4919,(0;0;0;0;1;1;1;1;1;1;1;1;1)
galtung,13,exhaustive,nordlund,com,denuci,0.3,1,0.4998,(0;0;0;0;1;1;1;1;1;1;1;1;1)
galtung,13,exhaustive,nordlund,com,denuci,0.35,1,0.5034,(0;0;0;0;1;1;1;1;1;1;1;1;1)
galtung,13,exhaustive,nordlund,com,denuci,0.4,1,0.5034,(0;0;0;0;1;1;1;1;1;1;1;1;1)
galtung,13,exhaustive,nordlund,com,denuci,0.45,1,0.5005,(0;0;0;0;1;1;1;1;1;1;1;1;1)
galtung,13,exhaustive,nordlund,com,denuci,0.5,1,0.4954,(0;0;0;0;1;1;1;1;1;1;1;1;1)
galtung,13,exhaustive,nordlund,com,denuci,0.55,1,0.4887,(0;0;0;0;1;1;1;1;1;1;1;1;1)
galtung,13,exhaustive,nordlund,com,denuci,0.6,1,0.481,(0;0;0;0;1;1;1;1;1;1;1;1;1)
galtung,13,exhaustive,nordlund,com,denuci,0.65,1,0.4726,(0;0;0;0;1;1;1;1;1;1;1;1;1)
galtung,13,exhaustive,nordlund,com,denuci,0.7,1,0.4638,(0;0;0;0;1;1;1;1;1;1;1;1;1)
galtung,13,exhaustive,nordlund,com,denuci,0.75,1,0.455,(0;0;0;0;1;1;1;1;1;1;1;1;1)
galtung,13,exhaustive,nordlund,com,denuci,0.8,1,0.4463,(0;0;0;0;1;1;1;1;1;1;1;1;1)
galtung,13,exhaustive,nordlund,com,denuci,0.85,1,0.4378,(0;0;0;0;1;1;1;1;1;1;1;1;1)
galtung,13,exhaustive,nordlund,com,denuci,0.9,1,0.4295,(0;0;0;0;1;1;1;1;1;1;1;1;1)
galtung,13,exhaustive,nordlund,com,denuci,0.95,1,0.4216,(0;0;0;0;1;1;1;1;1;1;1;1;1)
galtung,13,exhaustive,nordlund,com,denuci,1,1,0.414,(0;0;0;0;1;1;1;1;1;1;1;1;1)
galtung,13,exhaustive,nordlund,com,den,0.25,1,0.9165,(0;0;0;0;1;1;1;1;1;1;1;1;1)
galtung,13,exhaustive,nordlund,com,den,0.2,1,0.8165,(0;0;0;0;0;1;1;1;1;1;1;1;1)
galtung,13,exhaustive,nordlund,com,den,0.3,1,0.8581,(1;0;0;0;1;1;1;1;1;1;1;1;1)
galtung,13,exhaustive,nordlund,com,den,0.3,2,0.8581,(0;1;0;0;1;1;1;1;1;1;1;1;1)
galtung,13,exhaustive,nordlund,com,den,0.3,3,0.8581,(0;0;0;1;1;1;1;1;1;1;1;1;1)
galtung,13,exhaustive,nordlund,com,den,0,1,0.3873,(0;0;0;0;1;1;1;1;1;1;1;1;1)
galtung,13,exhaustive,nordlund,com,den,0.05,1,0.5292,(0;0;0;0;1;1;1;1;1;1;1;1;1)
galtung,13,exhaustive,nordlund,com,den,0.1,1,0.6517,(0;0;0;0;1;1;1;1;1;1;1;1;1)
galtung,13,exhaustive,nordlund,com,den,0.15,1,0.71,(0;0;0;0;1;1;1;1;1;1;1;1;0)
galtung,13,exhaustive,nordlund,com,den,0.15,2,0.71,(0;0;0;0;1;1;1;1;1;1;1;0;1)
galtung,13,exhaustive,nordlund,com,den,0.15,3,0.71,(0;0;0;0;1;1;1;1;1;1;0;1;1)
galtung,13,exhaustive,nordlund,com,den,0.15,4,0.71,(0;0;0;0;1;1;1;1;1;0;1;1;1)
galtung,13,exhaustive,nordlund,com,den,0.15,5,0.71,(0;0;0;0;1;1;1;1;0;1;1;1;1)
galtung,13,exhaustive,nordlund,com,den,0.15,6,0.71,(0;0;0;0;1;1;1;0;1;1;1;1;1)
galtung,13,exhaustive,nordlund,com,den,0.15,7,0.71,(0;0;0;0;1;1;0;1;1;1;1;1;1)
galtung,13,exhaustive,nordlund,com,den,0.15,8,0.71,(0;0;0;0;1;0;1;1;1;1;1;1;1)
galtung,13,exhaustive,nordlund,com,den,0.35,1,0.8154,(1;0;0;0;1;1;1;1;1;1;1;1;1)
galtung,13,exhaustive,nordlund,com,den,0.35,2,0.8154,(0;1;0;0;1;1;1;1;1;1;1;1;1)
galtung,13,exhaustive,nordlund,com,den,0.35,3,0.8154,(0;0;0;1;1;1;1;1;1;1;1;1;1)
galtung,13,exhaustive,nordlund,com,den,0.4,1,0.7616,(0;0;0;0;1;1;1;1;1;1;1;1;1)
galtung,13,exhaustive,nordlund,com,den,0.45,1,0.7135,(0;0;0;0;1;1;1;1;1;1;1;1;1)
galtung,13,exhaustive,nordlund,com,den,0.5,1,0.6708,(0;0;0;0;1;1;1;1;1;1;1;1;1)
galtung,13,exhaustive,nordlund,com,den,0.55,1,0.6325,(0;0;0;0;1;1;1;1;1;1;1;1;1)
galtung,13,exhaustive,nordlund,com,den,0.6,1,0.5976,(0;0;0;0;1;1;1;1;1;1;1;1;1)
galtung,13,exhaustive,nordlund,com,den,0.65,1,0.5813,(0;0;0;0;1;1;1;1;1;1;1;1;1)
galtung,13,exhaustive,nordlund,com,den,0.7,1,0.5507,(0;0;0;0;1;1;1;1;1;1;1;1;1)
galtung,13,exhaustive,nordlund,com,den,0.75,1,0.5222,(0;0;0;0;1;1;1;1;1;1;1;1;1)
galtung,13,exhaustive,nordlund,com,den,0.8,1,0.4957,(0;0;0;0;1;1;1;1;1;1;1;1;1)
galtung,13,exhaustive,nordlund,com,den,0.85,1,0.4708,(0;0;0;0;1;1;1;1;1;1;1;1;1)
galtung,13,exhaustive,nordlund,com,den,0.9,1,0.4588,(0;0;0;0;1;1;1;1;1;1;1;1;1)
galtung,13,exhaustive,nordlund,com,den,0.95,1,0.4359,(0;0;0;0;1;1;1;1;1;1;1;1;1)
galtung,13,exhaustive,nordlund,com,den,1,1,0.414,(0;0;0;0;1;1;1;1;1;1;1;1;1)
galtung,13,exhaustive,nordlund,com,denmin,0,1,0.9165,(0;0;0;0;1;1;1;1;1;1;1;1;1)
galtung,13,exhaustive,nordlund,com,denmin,0.05,1,0.9165,(0;0;0;0;1;1;1;1;1;1;1;1;1)
galtung,13,exhaustive,nordlund,com,denmin,0.1,1,0.9165,(0;0;0;0;1;1;1;1;1;1;1;1;1)
galtung,13,exhaustive,nordlund,com,denmin,0.15,1,0.9165,(0;0;0;0;1;1;1;1;1;1;1;1;1)
galtung,13,exhaustive,nordlund,com,denmin,0.2,1,0.9165,(0;0;0;0;1;1;1;1;1;1;1;1;1)
galtung,13,exhaustive,nordlund,com,denmin,0.25,1,0.9165,(0;0;0;0;1;1;1;1;1;1;1;1;1)
galtung,13,exhaustive,nordlund,com,denmin,0.3,1,0.8581,(1;0;0;0;1;1;1;1;1;1;1;1;1)
galtung,13,exhaustive,nordlund,com,denmin,0.3,2,0.8581,(0;1;0;0;1;1;1;1;1;1;1;1;1)
galtung,13,exhaustive,nordlund,com,denmin,0.3,3,0.8581,(0;0;0;1;1;1;1;1;1;1;1;1;1)
galtung,13,exhaustive,nordlund,com,denmin,0.35,1,0.8154,(1;0;0;0;1;1;1;1;1;1;1;1;1)
galtung,13,exhaustive,nordlund,com,denmin,0.4,1,0.7616,(0;0;0;0;1;1;1;1;1;1;1;1;1)
galtung,13,exhaustive,nordlund,com,denmin,0.45,1,0.7135,(0;0;0;0;1;1;1;1;1;1;1;1;1)
galtung,13,exhaustive,nordlund,com,denmin,0.5,1,0.6708,(0;0;0;0;1;1;1;1;1;1;1;1;1)
galtung,13,exhaustive,nordlund,com,denmin,0.55,1,0.6325,(0;0;0;0;1;1;1;1;1;1;1;1;1)
galtung,13,exhaustive,nordlund,com,denmin,0.6,1,0.5976,(0;0;0;0;1;1;1;1;1;1;1;1;1)
galtung,13,exhaustive,nordlund,com,denmin,0.65,1,0.5813,(0;0;0;0;1;1;1;1;1;1;1;1;1)
galtung,13,exhaustive,nordlund,com,denmin,0.7,1,0.5507,(0;0;0;0;1;1;1;1;1;1;1;1;1)
galtung,13,exhaustive,nordlund,com,denmin,0.75,1,0.5222,(0;0;0;0;1;1;1;1;1;1;1;1;1)
galtung,13,exhaustive,nordlund,com,denmin,0.8,1,0.4957,(0;0;0;0;1;1;1;1;1;1;1;1;1)
galtung,13,exhaustive,nordlund,com,denmin,0.85,1,0.4708,(0;0;0;0;1;1;1;1;1;1;1;1;1)
galtung,13,exhaustive,nordlund,com,denmin,0.9,1,0.4588,(0;0;0;0;1;1;1;1;1;1;1;1;1)
galtung,13,exhaustive,nordlund,com,denmin,0.95,1,0.4359,(0;0;0;0;1;1;1;1;1;1;1;1;1)
galtung,13,exhaustive,nordlund,com,denmin,1,1,0.414,(0;0;0;0;1;1;1;1;1;1;1;1;1)
galtung,13,exhaustive,nordlund,0.9,dnc,,1,0.7947,(0;0;0;0;1;1;1;1;1;1;1;1;1)
galtung,13,exhaustive,nordlund,0.8,dnc,,1,0.7947,(0;0;0;0;1;1;1;1;1;1;1;1;1)
galtung,13,exhaustive,nordlund,0.7,dnc,,1,0.7947,(0;0;0;0;1;1;1;1;1;1;1;1;1)
galtung,13,exhaustive,nordlund,0.6,dnc,,1,1,(0;0;0;0;1;1;1;1;1;1;1;1;1)
galtung,13,exhaustive,nordlund,0.5,dnc,,1,1,(0;0;0;0;1;1;1;1;1;1;1;1;1)
galtung,13,exhaustive,nordlund,0.4,dnc,,1,1,(0;0;0;0;1;1;1;1;1;1;1;1;1)
galtung,13,exhaustive,nordlund,0.3,dnc,,1,1,(0;0;0;0;1;1;1;1;1;1;1;1;1)
galtung,13,exhaustive,nordlund,0.2,dnc,,1,1,(0;0;0;0;1;1;1;1;1;1;1;0;0)
galtung,13,exhaustive,nordlund,0.2,dnc,,2,1,(0;0;0;0;1;1;1;1;1;1;0;1;0)
galtung,13,exhaustive,nordlund,0.2,dnc,,3,1,(0;0;0;0;1;1;1;1;1;0;1;1;0)
galtung,13,exhaustive,nordlund,0.2,dnc,,4,1,(0;0;0;0;1;1;1;1;0;1;1;1;0)
galtung,13,exhaustive,nordlund,0.2,dnc,,5,1,(0;0;0;0;1;1;1;0;1;1;1;1;0)
galtung,13,exhaustive,nordlund,0.2,dnc,,6,1,(0;0;0;0;1;1;0;1;1;1;1;1;0)
galtung,13,exhaustive,nordlund,0.2,dnc,,7,1,(0;0;0;0;1;0;1;1;1;1;1;1;0)
galtung,13,exhaustive,nordlund,0.2,dnc,,8,1,(0;0;0;0;0;1;1;1;1;1;1;1;0)
galtung,13,exhaustive,nordlund,0.2,dnc,,9,1,(0;0;0;0;1;1;1;1;1;1;1;1;0)
galtung,13,exhaustive,nordlund,0.2,dnc,,10,1,(0;0;0;0;1;1;1;1;1;1;0;0;1)
galtung,13,exhaustive,nordlund,0.2,dnc,,11,1,(0;0;0;0;1;1;1;1;1;0;1;0;1)
galtung,13,exhaustive,nordlund,0.2,dnc,,12,1,(0;0;0;0;1;1;1;1;0;1;1;0;1)
galtung,13,exhaustive,nordlund,0.2,dnc,,13,1,(0;0;0;0;1;1;1;0;1;1;1;0;1)
galtung,13,exhaustive,nordlund,0.2,dnc,,14,1,(0;0;0;0;1;1;0;1;1;1;1;0;1)
galtung,13,exhaustive,nordlund,0.2,dnc,,15,1,(0;0;0;0;1;0;1;1;1;1;1;0;1)
galtung,13,exhaustive,nordlund,0.2,dnc,,16,1,(0;0;0;0;0;1;1;1;1;1;1;0;1)
galtung,13,exhaustive,nordlund,0.2,dnc,,17,1,(0;0;0;0;1;1;1;1;1;1;1;0;1)
galtung,13,exhaustive,nordlund,0.2,dnc,,18,1,(0;0;0;0;1;1;1;1;1;0;0;1;1)
galtung,13,exhaustive,nordlund,0.2,dnc,,19,1,(0;0;0;0;1;1;1;1;0;1;0;1;1)
galtung,13,exhaustive,nordlund,0.2,dnc,,20,1,(0;0;0;0;1;1;1;0;1;1;0;1;1)
galtung,13,exhaustive,nordlund,0.2,dnc,,21,1,(0;0;0;0;1;1;0;1;1;1;0;1;1)
galtung,13,exhaustive,nordlund,0.2,dnc,,22,1,(0;0;0;0;1;0;1;1;1;1;0;1;1)
galtung,13,exhaustive,nordlund,0.2,dnc,,23,1,(0;0;0;0;0;1;1;1;1;1;0;1;1)
galtung,13,exhaustive,nordlund,0.2,dnc,,24,1,(0;0;0;0;1;1;1;1;1;1;0;1;1)
galtung,13,exhaustive,nordlund,0.2,dnc,,25,1,(0;0;0;0;1;1;1;1;0;0;1;1;1)
galtung,13,exhaustive,nordlund,0.2,dnc,,26,1,(0;0;0;0;1;1;1;0;1;0;1;1;1)
galtung,13,exhaustive,nordlund,0.2,dnc,,27,1,(0;0;0;0;1;1;0;1;1;0;1;1;1)
galtung,13,exhaustive,nordlund,0.2,dnc,,28,1,(0;0;0;0;1;0;1;1;1;0;1;1;1)
galtung,13,exhaustive,nordlund,0.2,dnc,,29,1,(0;0;0;0;0;1;1;1;1;0;1;1;1)
galtung,13,exhaustive,nordlund,0.2,dnc,,30,1,(0;0;0;0;1;1;1;1;1;0;1;1;1)
galtung,13,exhaustive,nordlund,0.2,dnc,,31,1,(0;0;0;0;1;1;1;0;0;1;1;1;1)
galtung,13,exhaustive,nordlund,0.2,dnc,,32,1,(0;0;0;0;1;1;0;1;0;1;1;1;1)
galtung,13,exhaustive,nordlund,0.2,dnc,,33,1,(0;0;0;0;1;0;1;1;0;1;1;1;1)
galtung,13,exhaustive,nordlund,0.2,dnc,,34,1,(0;0;0;0;0;1;1;1;0;1;1;1;1)
galtung,13,exhaustive,nordlund,0.2,dnc,,35,1,(0;0;0;0;1;1;1;1;0;1;1;1;1)
galtung,13,exhaustive,nordlund,0.2,dnc,,36,1,(0;0;0;0;1;1;0;0;1;1;1;1;1)
galtung,13,exhaustive,nordlund,0.2,dnc,,37,1,(0;0;0;0;1;0;1;0;1;1;1;1;1)
galtung,13,exhaustive,nordlund,0.2,dnc,,38,1,(0;0;0;0;0;1;1;0;1;1;1;1;1)
galtung,13,exhaustive,nordlund,0.2,dnc,,39,1,(0;0;0;0;1;1;1;0;1;1;1;1;1)
galtung,13,exhaustive,nordlund,0.2,dnc,,40,1,(0;0;0;0;1;0;0;1;1;1;1;1;1)
galtung,13,exhaustive,nordlund,0.2,dnc,,41,1,(0;0;0;0;0;1;0;1;1;1;1;1;1)
galtung,13,exhaustive,nordlund,0.2,dnc,,42,1,(0;0;0;0;1;1;0;1;1;1;1;1;1)
galtung,13,exhaustive,nordlund,0.2,dnc,,43,1,(0;0;0;0;0;0;1;1;1;1;1;1;1)
galtung,13,exhaustive,nordlund,0.2,dnc,,44,1,(0;0;0;0;1;0;1;1;1;1;1;1;1)
galtung,13,exhaustive,nordlund,0.2,dnc,,45,1,(0;0;0;0;0;1;1;1;1;1;1;1;1)
galtung,13,exhaustive,nordlund,0.2,dnc,,46,1,(0;0;0;0;1;1;1;1;1;1;1;1;1)
galtung,13,exhaustive,nordlund,0.9,denmin,0,1,0.9165,(0;0;0;0;1;1;1;1;1;1;1;1;1)
galtung,13,exhaustive,nordlund,0.8,denmin,0,1,0.9165,(0;0;0;0;1;1;1;1;1;1;1;1;1)
galtung,13,exhaustive,nordlund,0.7,denmin,0,1,0.9165,(0;0;0;0;1;1;1;1;1;1;1;1;1)
galtung,13,exhaustive,nordlund,0.6,denmin,0,1,1,(0;0;0;0;1;1;1;1;1;1;1;1;1)
galtung,13,exhaustive,nordlund,0.5,denmin,0,1,1,(0;0;0;0;1;1;1;1;1;1;1;1;1)
galtung,13,exhaustive,nordlund,0.4,denmin,0,1,1,(0;0;0;0;1;1;1;1;1;1;1;1;1)
galtung,13,exhaustive,nordlund,0.3,denmin,0,1,1,(0;0;0;0;1;1;1;1;1;1;1;1;1)
galtung,13,exhaustive,nordlund,0.2,denmin,0,1,1,(0;0;0;0;1;1;1;1;1;1;1;0;0)
galtung,13,exhaustive,nordlund,0.2,denmin,0,2,1,(0;0;0;0;1;1;1;1;1;1;0;1;0)
galtung,13,exhaustive,nordlund,0.2,denmin,0,3,1,(0;0;0;0;1;1;1;1;1;0;1;1;0)
galtung,13,exhaustive,nordlund,0.2,denmin,0,4,1,(0;0;0;0;1;1;1;1;0;1;1;1;0)
galtung,13,exhaustive,nordlund,0.2,denmin,0,5,1,(0;0;0;0;1;1;1;0;1;1;1;1;0)
galtung,13,exhaustive,nordlund,0.2,denmin,0,6,1,(0;0;0;0;1;1;0;1;1;1;1;1;0)
galtung,13,exhaustive,nordlund,0.2,denmin,0,7,1,(0;0;0;0;1;0;1;1;1;1;1;1;0)
galtung,13,exhaustive,nordlund,0.2,denmin,0,8,1,(0;0;0;0;0;1;1;1;1;1;1;1;0)
galtung,13,exhaustive,nordlund,0.2,denmin,0,9,1,(0;0;0;0;1;1;1;1;1;1;1;1;0)
galtung,13,exhaustive,nordlund,0.2,denmin,0,10,1,(0;0;0;0;1;1;1;1;1;1;0;0;1)
galtung,13,exhaustive,nordlund,0.2,denmin,0,11,1,(0;0;0;0;1;1;1;1;1;0;1;0;1)
galtung,13,exhaustive,nordlund,0.2,denmin,0,12,1,(0;0;0;0;1;1;1;1;0;1;1;0;1)
galtung,13,exhaustive,nordlund,0.2,denmin,0,13,1,(0;0;0;0;1;1;1;0;1;1;1;0;1)
galtung,13,exhaustive,nordlund,0.2,denmin,0,14,1,(0;0;0;0;1;1;0;1;1;1;1;0;1)
galtung,13,exhaustive,nordlund,0.2,denmin,0,15,1,(0;0;0;0;1;0;1;1;1;1;1;0;1)
galtung,13,exhaustive,nordlund,0.2,denmin,0,16,1,(0;0;0;0;0;1;1;1;1;1;1;0;1)
galtung,13,exhaustive,nordlund,0.2,denmin,0,17,1,(0;0;0;0;1;1;1;1;1;1;1;0;1)
galtung,13,exhaustive,nordlund,0.2,denmin,0,18,1,(0;0;0;0;1;1;1;1;1;0;0;1;1)
galtung,13,exhaustive,nordlund,0.2,denmin,0,19,1,(0;0;0;0;1;1;1;1;0;1;0;1;1)
galtung,13,exhaustive,nordlund,0.2,denmin,0,20,1,(0;0;0;0;1;1;1;0;1;1;0;1;1)
galtung,13,exhaustive,nordlund,0.2,denmin,0,21,1,(0;0;0;0;1;1;0;1;1;1;0;1;1)
galtung,13,exhaustive,nordlund,0.2,denmin,0,22,1,(0;0;0;0;1;0;1;1;1;1;0;1;1)
galtung,13,exhaustive,nordlund,0.2,denmin,0,23,1,(0;0;0;0;0;1;1;1;1;1;0;1;1)
galtung,13,exhaustive,nordlund,0.2,denmin,0,24,1,(0;0;0;0;1;1;1;1;1;1;0;1;1)
galtung,13,exhaustive,nordlund,0.2,denmin,0,25,1,(0;0;0;0;1;1;1;1;0;0;1;1;1)
galtung,13,exhaustive,nordlund,0.2,denmin,0,26,1,(0;0;0;0;1;1;1;0;1;0;1;1;1)
galtung,13,exhaustive,nordlund,0.2,denmin,0,27,1,(0;0;0;0;1;1;0;1;1;0;1;1;1)
galtung,13,exhaustive,nordlund,0.2,denmin,0,28,1,(0;0;0;0;1;0;1;1;1;0;1;1;1)
galtung,13,exhaustive,nordlund,0.2,denmin,0,29,1,(0;0;0;0;0;1;1;1;1;0;1;1;1)
galtung,13,exhaustive,nordlund,0.2,denmin,0,30,1,(0;0;0;0;1;1;1;1;1;0;1;1;1)
galtung,13,exhaustive,nordlund,0.2,denmin,0,31,1,(0;0;0;0;1;1;1;0;0;1;1;1;1)
galtung,13,exhaustive,nordlund,0.2,denmin,0,32,1,(0;0;0;0;1;1;0;1;0;1;1;1;1)
galtung,13,exhaustive,nordlund,0.2,denmin,0,33,1,(0;0;0;0;1;0;1;1;0;1;1;1;1)
galtung,13,exhaustive,nordlund,0.2,denmin,0,34,1,(0;0;0;0;0;1;1;1;0;1;1;1;1)
galtung,13,exhaustive,nordlund,0.2,denmin,0,35,1,(0;0;0;0;1;1;1;1;0;1;1;1;1)
galtung,13,exhaustive,nordlund,0.2,denmin,0,36,1,(0;0;0;0;1;1;0;0;1;1;1;1;1)
galtung,13,exhaustive,nordlund,0.2,denmin,0,37,1,(0;0;0;0;1;0;1;0;1;1;1;1;1)
galtung,13,exhaustive,nordlund,0.2,denmin,0,38,1,(0;0;0;0;0;1;1;0;1;1;1;1;1)
galtung,13,exhaustive,nordlund,0.2,denmin,0,39,1,(0;0;0;0;1;1;1;0;1;1;1;1;1)
galtung,13,exhaustive,nordlund,0.2,denmin,0,40,1,(0;0;0;0;1;0;0;1;1;1;1;1;1)
galtung,13,exhaustive,nordlund,0.2,denmin,0,41,1,(0;0;0;0;0;1;0;1;1;1;1;1;1)
galtung,13,exhaustive,nordlund,0.2,denmin,0,42,1,(0;0;0;0;1;1;0;1;1;1;1;1;1)
galtung,13,exhaustive,nordlund,0.2,denmin,0,43,1,(0;0;0;0;0;0;1;1;1;1;1;1;1)
galtung,13,exhaustive,nordlund,0.2,denmin,0,44,1,(0;0;0;0;1;0;1;1;1;1;1;1;1)
galtung,13,exhaustive,nordlund,0.2,denmin,0,45,1,(0;0;0;0;0;1;1;1;1;1;1;1;1)
galtung,13,exhaustive,nordlund,0.2,denmin,0,46,1,(0;0;0;0;1;1;1;1;1;1;1;1;1)
zachary,34,ljubljana,nordlund,com,dnc,,1,0.5432,(0;0;0;0;1;1;1;1;0;1;1;1;1;0;1;1;1;1;1;1;1;1;1;1;1;1;1;1;1;1;1;0;0;0)
zachary,34,ljubljana,nordlund,com,denuci,0.2044,1,0.384,(0;0;0;0;1;1;1;1;0;1;1;1;1;0;1;1;1;1;1;1;1;1;1;1;1;1;1;1;1;1;1;1;0;0)
zachary,34,ljubljana,nordlund,com,denuci,0.1544,1,0.3816,(0;0;0;0;1;1;1;0;0;1;1;1;1;0;1;1;1;1;1;1;1;1;1;1;1;1;1;1;1;1;0;1;0;0)
zachary,34,ljubljana,nordlund,com,denuci,0.2544,1,0.3902,(0;0;0;0;1;1;1;1;0;1;1;1;1;0;1;1;1;1;1;1;1;1;1;1;1;1;1;1;1;1;1;1;0;0)
zachary,34,ljubljana,nordlund,com,denuci,0,1,0.3555,(0;0;0;0;1;1;1;0;0;1;1;1;1;0;1;1;1;1;1;1;1;1;1;1;1;1;1;1;1;1;0;1;0;0)
zachary,34,ljubljana,nordlund,com,denuci,0.05,1,0.367,(0;0;0;0;1;1;1;0;0;1;1;1;1;0;1;1;1;1;1;1;1;1;1;1;1;1;1;1;1;1;0;1;0;0)
zachary,34,ljubljana,nordlund,com,denuci,0.1,1,0.3757,(0;0;0;0;1;1;1;0;0;1;1;1;1;0;1;1;1;1;1;1;1;1;1;1;1;1;1;1;1;1;0;1;0;0)
zachary,34,ljubljana,nordlund,com,denuci,0.15,1,0.3813,(0;0;0;0;1;1;1;0;0;1;1;1;1;0;1;1;1;1;1;1;1;1;1;1;1;1;1;1;1;1;0;1;0;0)
zachary,34,ljubljana,nordlund,com,denuci,0.2,1,0.3835,(0;0;0;0;1;1;1;1;0;1;1;1;1;0;1;1;1;1;1;1;1;1;1;1;1;1;1;1;1;1;0;1;0;0)
zachary,34,ljubljana,nordlund,com,denuci,0.25,1,0.3898,(0;0;0;0;1;1;1;1;0;1;1;1;1;0;1;1;1;1;1;1;1;1;1;1;1;1;1;1;1;1;1;1;0;0)
zachary,34,ljubljana,nordlund,com,denuci,0.3,1,0.395,(0;0;0;0;1;1;1;1;1;1;1;1;1;0;1;1;1;1;1;1;1;1;1;1;1;1;1;1;1;1;1;1;0;0)
zachary,34,ljubljana,nordlund,com,denuci,0.35,1,0.4097, (0;0;0;1;1;1;1;1;1;1;1;1;1;1;1;1;1;1;1;1;1;1;1;1;1;1;1;1;1;1;1;1;0;0)
zachary,34,ljubljana,nordlund,com,denuci,0.4,1,0.4188,(0;0;0;1;1;1;1;1;1;1;1;1;1;1;1;1;1;1;1;1;1;1;1;1;1;1;1;1;1;1;1;1;0;0)
zachary,34,ljubljana,nordlund,com,denuci,0.45,1,0.4249,(0;0;0;1;1;1;1;1;1;1;1;1;1;1;1;1;1;1;1;1;1;1;1;1;1;1;1;1;1;1;1;1;0;0)
zachary,34,ljubljana,nordlund,com,denuci,0.5,1,0.4289,(0;0;0;1;1;1;1;1;1;1;1;1;1;1;1;1;1;1;1;1;1;1;1;1;1;1;1;1;1;1;1;1;0;0)
zachary,34,ljubljana,nordlund,com,denuci,0.55,1,0.4314,(0;0;0;1;1;1;1;1;1;1;1;1;1;1;1;1;1;1;1;1;1;1;1;1;1;1;1;1;1;1;1;1;0;0)
zachary,34,ljubljana,nordlund,com,denuci,0.6,1,0.433,(0;0;0;1;1;1;1;1;1;1;1;1;1;1;1;1;1;1;1;1;1;1;1;1;1;1;1;1;1;1;1;1;0;0)
zachary,34,ljubljana,nordlund,com,denuci,0.65,1,0.4338,(0;0;0;1;1;1;1;1;1;1;1;1;1;1;1;1;1;1;1;1;1;1;1;1;1;1;1;1;1;1;1;1;0;0)
zachary,34,ljubljana,nordlund,com,denuci,0.7,1,0.4341,(0;0;0;1;1;1;1;1;1;1;1;1;1;1;1;1;1;1;1;1;1;1;1;1;1;1;1;1;1;1;1;1;0;0)
zachary,34,ljubljana,nordlund,com,denuci,0.75,1,0.434,(0;0;0;1;1;1;1;1;1;1;1;1;1;1;1;1;1;1;1;1;1;1;1;1;1;1;1;1;1;1;1;1;0;0)
zachary,34,ljubljana,nordlund,com,denuci,0.8,1,0.4338,(0;0;0;1;1;1;1;1;1;1;1;1;1;1;1;1;1;1;1;1;1;1;1;1;1;1;1;1;1;1;1;1;0;0)
zachary,34,ljubljana,nordlund,com,denuci,0.85,1,0.4333,(0;0;0;1;1;1;1;1;1;1;1;1;1;1;1;1;1;1;1;1;1;1;1;1;1;1;1;1;1;1;1;1;0;0)
zachary,34,ljubljana,nordlund,com,denuci,0.9,1,0.4328,(0;0;0;1;1;1;1;1;1;1;1;1;1;1;1;1;1;1;1;1;1;1;1;1;1;1;1;1;1;1;1;1;0;0)
zachary,34,ljubljana,nordlund,com,denuci,0.95,1,0.4321,(0;0;0;1;1;1;1;1;1;1;1;1;1;1;1;1;1;1;1;1;1;1;1;1;1;1;1;1;1;1;1;1;0;0)
zachary,34,ljubljana,nordlund,com,denuci,1,1,0.4315,(0;0;0;1;1;1;1;1;1;1;1;1;1;1;1;1;1;1;1;1;1;1;1;1;1;1;1;1;1;1;1;1;0;0)
zachary,34,ljubljana,nordlund,com,den,0.2044,1,0.7963,(0;0;0;0;1;1;1;1;0;1;1;1;1;0;1;1;1;1;1;1;1;1;1;1;1;1;1;1;1;1;1;0;0;0)
zachary,34,ljubljana,nordlund,com,den,0.1544,1,0.7379,(0;0;0;0;1;1;1;0;0;1;1;1;1;0;1;1;1;1;1;1;1;1;1;1;1;1;1;1;1;1;0;1;0;0)
zachary,34,ljubljana,nordlund,com,den,0.2544,1,0.8064,(0;0;0;0;1;1;1;1;1;1;1;1;1;0;1;1;1;1;1;1;1;1;1;1;1;1;1;1;1;1;1;1;0;0)
zachary,34,ljubljana,nordlund,com,den,0,1,0.3805,(0;0;0;0;1;1;1;0;1;1;1;1;1;0;1;1;1;1;1;1;1;1;1;1;1;1;1;1;1;1;1;1;1;1)
zachary,34,ljubljana,nordlund,com,den,0.05,1,0.498,(0;0;0;0;1;1;1;0;0;1;1;1;1;0;1;1;1;1;1;1;1;1;1;1;1;1;1;1;1;1;0;0;0;0)
zachary,34,ljubljana,nordlund,com,den,0.1,1,0.6182,(0;0;0;0;1;1;1;0;0;1;1;1;1;0;1;1;1;1;1;1;1;1;1;1;1;1;1;1;1;1;0;1;0;0)
zachary,34,ljubljana,nordlund,com,den,0.15,1,0.7352,(0;0;0;0;1;1;1;0;0;1;1;1;1;0;1;1;1;1;1;1;1;1;1;1;1;1;1;1;1;1;0;0;0;0)
zachary,34,ljubljana,nordlund,com,den,0.2,1,0.7877,(0;0;0;0;1;1;1;1;0;1;1;1;1;0;1;1;1;1;1;1;1;1;1;1;1;1;1;1;1;1;1;0;0;0)
zachary,34,ljubljana,nordlund,com,den,0.25,1,0.8086,(0;0;0;1;1;1;1;1;0;1;1;1;1;1;1;1;1;1;1;1;1;1;1;0;1;1;1;1;1;1;1;0;0;0)
zachary,34,ljubljana,nordlund,com,den,0.25,2,0.8086,(0;0;0;0;1;1;1;1;0;1;1;1;1;1;1;1;1;1;1;1;1;1;1;0;1;1;1;1;1;1;1;1;0;0)
zachary,34,ljubljana,nordlund,com,den,0.25,3,0.8086,(0;0;0;0;1;1;1;1;0;1;1;1;1;1;1;1;1;1;1;1;1;1;1;1;1;1;1;1;1;1;1;0;0;0)
zachary,34,ljubljana,nordlund,com,den,0.25,4,0.8086,(0;0;0;0;1;1;1;1;1;1;1;1;1;1;1;1;1;1;1;1;1;1;1;1;1;1;1;1;1;1;0;0;0;0)
zachary,34,ljubljana,nordlund,com,den,0.3,1,0.8064,(0;0;0;0;1;1;0;1;1;1;1;1;1;1;1;1;1;1;1;1;1;1;1;1;1;1;1;1;1;1;1;1;0;0)
zachary,34,ljubljana,nordlund,com,den,0.3,2,0.8064,(0;0;0;0;1;1;1;1;1;1;1;1;1;1;1;1;1;1;1;1;1;1;1;1;1;1;1;1;1;1;1;0;0;0)
zachary,34,ljubljana,nordlund,com,den,0.3,3,0.8064,(0;0;0;1;1;1;0;1;1;1;1;1;1;1;1;1;1;1;1;1;1;1;1;0;1;1;1;1;1;1;1;1;0;0)
zachary,34,ljubljana,nordlund,com,den,0.3,4,0.8064,(0;0;0;0;1;1;1;1;1;1;1;1;1;1;1;1;1;1;1;1;1;1;1;0;1;1;1;1;1;1;1;1;0;0)
zachary,34,ljubljana,nordlund,com,den,0.3,5,0.8064,(0;0;0;0;1;1;1;1;1;1;1;1;1;1;1;1;1;1;1;1;1;1;1;1;0;1;1;1;1;1;1;1;0;0)
zachary,34,ljubljana,nordlund,com,den,0.3,6,0.8064,(0;0;0;1;1;0;1;1;1;1;1;1;1;1;1;1;1;1;1;1;1;1;1;1;1;1;1;1;1;1;1;0;0;0)
zachary,34,ljubljana,nordlund,com,den,0.3,7,0.8064,(0;0;0;1;1;1;1;1;1;1;1;1;1;1;1;1;1;1;1;1;1;1;1;0;1;1;1;1;1;1;1;0;0;0)
zachary,34,ljubljana,nordlund,com,den,0.3,8,0.8064,(0;0;0;0;1;0;1;1;1;1;1;1;1;1;1;1;1;1;1;1;1;1;1;1;1;1;1;1;1;1;1;1;0;0)
zachary,34,ljubljana,nordlund,com,den,0.3,9,0.8064,(0;0;0;1;1;1;0;1;1;1;1;1;1;1;1;1;1;1;1;1;1;1;1;1;1;1;1;1;1;1;1;0;0;0)
zachary,34,ljubljana,nordlund,com,den,0.35,1,0.7873,(0;0;0;1;1;1;1;1;1;1;1;1;1;1;1;1;1;1;1;1;1;1;1;1;0;1;1;1;1;1;1;1;0;0)
zachary,34,ljubljana,nordlund,com,den,0.35,2,0.7873,(0;0;0;1;1;1;1;1;1;1;1;1;1;1;1;1;1;1;1;1;1;1;1;1;1;0;1;1;1;1;1;1;0;0)
zachary,34,ljubljana,nordlund,com,den,0.4,1,0.7821,(0;0;0;1;1;1;1;1;1;1;1;1;1;1;1;1;1;1;1;1;1;1;1;1;1;1;1;1;1;1;1;1;0;0)
zachary,34,ljubljana,nordlund,com,den,0.45,1,0.7353,(0;0;0;1;1;1;1;1;1;1;1;1;1;1;1;1;1;1;1;1;1;1;1;1;1;1;1;1;1;1;1;1;0;0)
zachary,34,ljubljana,nordlund,com,den,0.5,1,0.6942,(0;0;0;1;1;1;1;1;1;1;1;1;1;1;1;1;1;1;1;1;1;1;1;1;1;1;1;1;1;1;1;1;0;0)
zachary,34,ljubljana,nordlund,com,den,0.55,1,0.6526,(0;0;0;1;1;1;1;1;1;1;1;1;1;1;1;1;1;1;1;1;1;1;1;1;1;1;1;1;1;1;1;1;0;0)
zachary,34,ljubljana,nordlund,com,den,0.6,1,0.6201,(0;0;0;1;1;1;1;1;1;1;1;1;1;1;1;1;1;1;1;1;1;1;1;1;1;1;1;1;1;1;1;1;0;0)
zachary,34,ljubljana,nordlund,com,den,0.65,1,0.5905,(0;0;0;1;1;1;1;1;1;1;1;1;1;1;1;1;1;1;1;1;1;1;1;1;1;1;1;1;1;1;1;1;0;0)
zachary,34,ljubljana,nordlund,com,den,0.7,1,0.5597,(0;0;0;1;1;1;1;1;1;1;1;1;1;1;1;1;1;1;1;1;1;1;1;1;1;1;1;1;1;1;1;1;0;0)
zachary,34,ljubljana,nordlund,com,den,0.75,1,0.535,(0;0;0;1;1;1;1;1;1;1;1;1;1;1;1;1;1;1;1;1;1;1;1;1;1;1;1;1;1;1;1;1;0;0)
zachary,34,ljubljana,nordlund,com,den,0.8,1,0.5121,(0;0;0;1;1;1;1;1;1;1;1;1;1;1;1;1;1;1;1;1;1;1;1;1;1;1;1;1;1;1;1;1;0;0)
zachary,34,ljubljana,nordlund,com,den,0.85,1,0.4907,(0;0;0;1;1;1;1;1;1;1;1;1;1;1;1;1;1;1;1;1;1;1;1;1;1;1;1;1;1;1;1;1;0;0)
zachary,34,ljubljana,nordlund,com,den,0.9,1,0.4707,(0;0;0;1;1;1;1;1;1;1;1;1;1;1;1;1;1;1;1;1;1;1;1;1;1;1;1;1;1;1;1;1;0;0)
zachary,34,ljubljana,nordlund,com,den,0.95,1,0.4492,(0;0;0;1;1;1;1;1;1;1;1;1;1;1;1;1;1;1;1;1;1;1;1;1;1;1;1;1;1;1;1;1;0;0)
zachary,34,ljubljana,nordlund,com,den,1,1,0.4315,(0;0;0;1;1;1;1;1;1;1;1;1;1;1;1;1;1;1;1;1;1;1;1;1;1;1;1;1;1;1;1;1;0;0)
zachary,34,ljubljana,nordlund,com,denmin,0,1,0.8262,(0;0;0;0;1;1;1;1;1;1;1;1;1;1;1;1;1;1;1;1;1;1;1;1;1;1;1;1;1;1;1;0;0;0)
zachary,34,ljubljana,nordlund,com,denmin,0.05,1,0.8262,(0;0;0;0;1;1;1;1;1;1;1;1;1;1;1;1;1;1;1;1;1;1;1;1;1;1;1;1;1;1;1;0;0;0)
zachary,34,ljubljana,nordlund,com,denmin,0.1,1,0.8262,(0;0;0;0;1;1;1;1;1;1;1;1;1;1;1;1;1;1;1;1;1;1;1;1;1;1;1;1;1;1;1;0;0;0)
zachary,34,ljubljana,nordlund,com,denmin,0.15,1,0.8262,(0;0;0;0;1;1;1;1;1;1;1;1;1;1;1;1;1;1;1;1;1;1;1;1;1;1;1;1;1;1;1;0;0;0)
zachary,34,ljubljana,nordlund,com,denmin,0.2,1,0.8262,(0;0;0;0;1;1;1;1;1;1;1;1;1;1;1;1;1;1;1;1;1;1;1;1;1;1;1;1;1;1;1;0;0;0)
zachary,34,ljubljana,nordlund,com,denmin,0.25,1,0.8262,(0;0;0;0;1;1;1;1;1;1;1;1;1;1;1;1;1;1;1;1;1;1;1;1;1;1;1;1;1;1;1;0;0;0)
zachary,34,ljubljana,nordlund,com,denmin,0.3,1,0.8221,(0;0;0;0;1;1;1;1;1;1;1;1;1;1;1;1;1;1;1;1;1;1;1;1;1;1;1;1;1;1;1;1;0;0)
zachary,34,ljubljana,nordlund,com,denmin,0.3,2,0.8221,(0;0;0;1;1;1;1;1;1;1;1;1;1;1;1;1;1;1;1;1;1;1;1;1;1;1;1;1;1;1;1;0;0;0)
zachary,34,ljubljana,nordlund,com,denmin,0.35,1,0.8119,(0;0;0;1;1;1;1;1;1;1;1;1;1;1;1;1;1;1;1;1;1;1;1;1;1;1;1;1;1;1;1;1;0;0)
zachary,34,ljubljana,nordlund,com,denmin,0.4,1,0.7821,(0;0;0;1;1;1;1;1;1;1;1;1;1;1;1;1;1;1;1;1;1;1;1;1;1;1;1;1;1;1;1;1;0;0)
zachary,34,ljubljana,nordlund,com,denmin,0.45,1,0.7353,(0;0;0;1;1;1;1;1;1;1;1;1;1;1;1;1;1;1;1;1;1;1;1;1;1;1;1;1;1;1;1;1;0;0)
zachary,34,ljubljana,nordlund,com,denmin,0.5,1,0.6942,(0;0;0;1;1;1;1;1;1;1;1;1;1;1;1;1;1;1;1;1;1;1;1;1;1;1;1;1;1;1;1;1;0;0)
zachary,34,ljubljana,nordlund,com,denmin,0.55,1,0.6526,(0;0;0;1;1;1;1;1;1;1;1;1;1;1;1;1;1;1;1;1;1;1;1;1;1;1;1;1;1;1;1;1;0;0)
zachary,34,ljubljana,nordlund,com,denmin,0.6,1,0.6201,(0;0;0;1;1;1;1;1;1;1;1;1;1;1;1;1;1;1;1;1;1;1;1;1;1;1;1;1;1;1;1;1;0;0)
zachary,34,ljubljana,nordlund,com,denmin,0.65,1,0.5905,(0;0;0;1;1;1;1;1;1;1;1;1;1;1;1;1;1;1;1;1;1;1;1;1;1;1;1;1;1;1;1;1;0;0)
zachary,34,ljubljana,nordlund,com,denmin,0.7,1,0.5597,(0;0;0;1;1;1;1;1;1;1;1;1;1;1;1;1;1;1;1;1;1;1;1;1;1;1;1;1;1;1;1;1;0;0)
zachary,34,ljubljana,nordlund,com,denmin,0.75,1,0.535,(0;0;0;1;1;1;1;1;1;1;1;1;1;1;1;1;1;1;1;1;1;1;1;1;1;1;1;1;1;1;1;1;0;0)
zachary,34,ljubljana,nordlund,com,denmin,0.8,1,0.5121,(0;0;0;1;1;1;1;1;1;1;1;1;1;1;1;1;1;1;1;1;1;1;1;1;1;1;1;1;1;1;1;1;0;0)
zachary,34,ljubljana,nordlund,com,denmin,0.85,1,0.4907,(0;0;0;1;1;1;1;1;1;1;1;1;1;1;1;1;1;1;1;1;1;1;1;1;1;1;1;1;1;1;1;1;0;0)
zachary,34,ljubljana,nordlund,com,denmin,0.9,1,0.4707,(0;0;0;1;1;1;1;1;1;1;1;1;1;1;1;1;1;1;1;1;1;1;1;1;1;1;1;1;1;1;1;1;0;0)
zachary,34,ljubljana,nordlund,com,denmin,0.95,1,0.4492,(0;0;0;1;1;1;1;1;1;1;1;1;1;1;1;1;1;1;1;1;1;1;1;1;1;1;1;1;1;1;1;1;0;0)
zachary,34,ljubljana,nordlund,com,denmin,1,1,0.4315,(0;0;0;1;1;1;1;1;1;1;1;1;1;1;1;1;1;1;1;1;1;1;1;1;1;1;1;1;1;1;1;1;0;0)
zachary,34,ljubljana,nordlund,0.9,dnc,,1,0.5675,(0;0;0;0;1;1;1;0;0;1;1;1;1;0;1;1;1;1;1;1;1;1;1;0;1;1;1;1;1;1;1;0;0;0)
zachary,34,ljubljana,nordlund,0.8,dnc,,1,0.6151,(0;0;0;0;1;1;1;0;0;1;1;1;1;0;1;1;1;1;1;1;1;1;1;1;1;1;1;1;1;1;0;0;0;0)
zachary,34,ljubljana,nordlund,0.7,dnc,,1,0.6717,(0;0;0;0;1;1;1;0;0;1;1;1;1;0;1;1;1;1;1;1;1;1;1;1;1;1;1;1;1;1;0;0;0;0)
zachary,34,ljubljana,nordlund,0.6,dnc,,1,0.7359,(0;0;0;0;1;1;1;1;0;1;1;1;1;0;1;1;1;1;1;1;1;1;1;0;1;1;1;1;1;1;0;0;0;0)
zachary,34,ljubljana,nordlund,0.5,dnc,,1,0.7852,(0;0;0;0;1;1;1;0;0;1;1;1;1;0;1;1;1;1;1;1;1;1;1;1;1;1;1;1;1;1;0;0;0;0)
zachary,34,ljubljana,nordlund,0.4,dnc,,1,0.8236,(0;0;0;0;1;1;1;0;0;1;1;1;1;0;1;1;1;1;1;1;1;1;1;0;1;1;1;0;1;1;0;0;0;0)
zachary,34,ljubljana,nordlund,0.3,dnc,,1,0.8888,(0;0;0;0;1;0;0;0;0;1;1;1;1;0;1;1;1;1;1;1;1;1;1;0;0;0;1;0;1;0;1;0;0;0)
zachary,34,ljubljana,nordlund,0.2,dnc,,1,0.9915,(0;0;0;0;0;0;0;1;0;1;0;1;1;1;1;1;1;1;1;1;1;1;1;0;0;1;1;0;1;0;1;0;0;0)
zachary,34,ljubljana,nordlund,0.9,denmin,0,1,0.8262,(0;0;0;0;1;1;1;1;1;1;1;1;1;1;1;1;1;1;1;1;1;1;1;1;1;1;1;1;1;1;1;0;0;0)
zachary,34,ljubljana,nordlund,0.8,denmin,0,1,0.8506,(0;0;0;0;1;1;1;1;1;1;1;1;1;1;1;1;1;1;1;1;1;1;1;1;1;1;1;1;1;1;1;0;0;0)
zachary,34,ljubljana,nordlund,0.7,denmin,0,1,0.8716,(0;0;0;0;1;1;1;1;1;1;1;1;1;1;1;1;1;1;1;1;1;1;1;0;1;1;1;1;1;1;1;0;0;0)
zachary,34,ljubljana,nordlund,0.6,denmin,0,1,0.8903,(0;0;0;0;1;1;1;1;0;1;1;1;1;1;1;1;1;1;1;1;1;1;1;0;1;1;1;1;1;1;1;0;0;0)
zachary,34,ljubljana,nordlund,0.5,denmin,0,1,0.9134,(0;0;0;0;1;1;0;1;1;1;1;1;1;1;1;1;1;1;1;1;1;1;1;0;1;1;1;1;1;1;1;0;0;0)
zachary,34,ljubljana,nordlund,0.4,denmin,0,1,0.9369,(0;0;0;0;1;0;0;1;1;1;1;1;1;1;1;1;1;1;1;1;1;1;1;0;1;1;1;1;1;1;0;0;0;0)
zachary,34,ljubljana,nordlund,0.3,denmin,0,1,0.9601,(0;0;0;0;1;0;0;1;0;1;1;1;1;0;1;1;1;1;1;1;1;1;1;0;0;1;1;1;1;0;1;0;0;0)
zachary,34,ljubljana,nordlund,0.2,denmin,0,1,0.9963,(0;0;0;0;0;0;0;1;0;1;0;1;1;1;1;1;1;1;1;1;1;1;1;0;1;0;1;0;1;0;1;0;0;0)
